{
    "loss": 0.7471656203269958,
    "accuracy": 0.7111111283302307
}