{
    "loss": 0.5067294836044312,
    "accuracy": 0.7968254089355469
}